{"subtract": {"gen_p": [47.31276321411133, 46.243560791015625, 224.20030212402344, 44.171531677246094, 23.047040939331055, 22.960485458374023, 0.6390427947044373, 23.30339813232422, 32.943599700927734, 23.308256149291992, 24.47883415222168, 18.157175064086914, 44.010616302490234, 223.40902709960938, 44.11024856567383, 44.431114196777344, 17.57170867919922, 40.62074279785156, 17.15701675415039, 73.9636459350586, 17.4782657623291, 33.58402633666992, 22.3550968170166, 21.859018325805664, 33.581268310546875, 0.6678688526153564, 13.529805183410645, 21.75957679748535, 21.843990325927734, 16.737043380737305, 31.769344329833984, 21.691417694091797, 21.63789939880371, 45.653804779052734, 31.325828552246094, 224.1287841796875, 45.71088790893555, 33.14727020263672, 52.52382278442383, 17.904033660888672, 17.630165100097656, 0.24476149678230286, 52.514286041259766, 22.1885929107666, 22.07938575744629, 73.41972351074219, 34.02936935424805, 17.95287322998047, 41.76119613647461, 23.197771072387695, 23.32118797302246, 2.2761898040771484, 35.54853439331055, 53.712608337402344, 19.90454864501953, 100.03811645507812, 16.79764747619629, 39.276737213134766, 13.107267379760742, 40.1011848449707, 1.0588363409042358, 16.3847599029541], "load_p": [37.49528503417969, 14.63341236114502, 28.419824600219727, 22.150875091552734, 37.669654846191406, 13.971902847290039, 51.56132888793945, 34.87786102294922, 25.197490692138672, 10.283077239990234, 65.99896240234375, 18.46950912475586, 7.89767599105835, 43.32095718383789, 32.872920989990234, 12.927207946777344, 10.114363670349121, 7.368707180023193, 5.135196685791016, 45.68039321899414, 12.157760620117188, 17.556058883666992, 31.604717254638672, 43.246463775634766, 10.547240257263184, 27.083179473876953, 15.208815574645996, 14.158988952636719, 11.518071174621582, 8.403033256530762, 15.661539077758789, 15.894119262695312, 7.78043270111084, 6.900293827056885, 22.81332015991211, 12.134550094604492, 14.645926475524902, 8.61861801147461, 37.3782958984375, 7.290964603424072, 7.355707168579102, 7.818997859954834, 10.088475227355957, 49.31098937988281, 27.275400161743164, 36.491172790527344, 5.1153564453125, 5.118907451629639, 119.77207946777344, 32.7540397644043, 32.3834228515625, 16.801794052124023, 12.02269172668457, 44.939605712890625, 46.44310760498047, 32.69867706298828, 29.312467575073242, 26.251419067382812, 31.061153411865234, 16.624927520751953, 56.2386589050293, 58.748111724853516, 21.23543357849121, 11.516009330749512, 25.82554054260254, 22.467416763305664, 51.26957702636719, 83.78070068359375, 68.43704986572266, 13.07489013671875, 31.231163024902344, 44.7525749206543, 40.58236312866211, 6.431858062744141, 14.684200286865234, 39.450164794921875, 23.42922592163086, 5.303873062133789, 24.457834243774414, 40.46989822387695, 32.783233642578125, 45.484153747558594, 29.128273010253906, 2.121721029281616, 8.548295974731445, 41.47162628173828, 26.598709106445312, 5.8329925537109375, 16.130285263061523, 14.759662628173828, 14.257824897766113], "p_or": [-7.498068332672119, -29.997085571289062, 75.65689849853516, -31.36767578125, 32.95269775390625, -31.495342254638672, 3.186711182934232e-05, 45.20388412475586, 42.1837158203125, 44.73326110839844, -2.137158155441284, 6.012160778045654, 91.4615249633789, -22.214441299438477, 17.83823013305664, 39.253570556640625, 8.109895706176758, 1.3236830234527588, 0.63038569688797, -8.52363109588623, 97.12523651123047, 9.653594017028809, 26.90494728088379, 34.448822021484375, -5.035839557647705, 14.740238189697266, 4.960231781005859, 36.074161529541016, 15.37899112701416, -15.488978385925293, 10.50483512878418, 20.14263916015625, -7.0441155433654785, 8.161028861999512, 2.658111572265625, 19.424121856689453, -7.142465591430664, -15.022795677185059, -21.29895782470703, -28.359474182128906, -6.711369514465332, 54.3671989440918, 25.593597412109375, -35.21409606933594, 57.51847457885742, 48.82019805908203, 25.108383178710938, 39.88273620605469, -20.498472213745117, -39.780635833740234, -51.65397644042969, -49.916893005371094, 33.419673919677734, 38.8587532043457, 35.19291305541992, -5.926733493804932, 11.377747535705566, 8.751734733581543, 29.83963394165039, 0.6298443078994751, -9.134430885314941, 2.3311054706573486, 13.82066535949707, 50.81639862060547, 23.49970245361328, -1.4327664375305176, 14.697686195373535, -8.528136253356934, -0.26730066537857056, 12.445657730102539, 11.824265480041504, 3.851003408432007, -12.834985733032227, -13.267842292785645, 5.2284698486328125, -6.047903537750244, -5.505908966064453, 27.6644229888916, -11.35692310333252, -1.5816980600357056, 14.857754707336426, 32.465633392333984, -17.694734573364258, 9.169899940490723, -27.103879928588867, 16.785137176513672, -9.33988094329834, 31.04871368408203, 12.006702423095703, 12.928226470947266, 23.685916900634766, -0.09415176510810852, -10.227367401123047, -17.634098052978516, 68.20967864990234, -105.12247467041016, -53.5181999206543, 47.34772491455078, 28.703338623046875, 16.338836669921875, 105.57755279541016, 112.9734878540039, 18.626182556152344, -1.3129674196243286, 14.010786056518555, -14.730463981628418, 33.00145721435547, 71.76134490966797, 14.924423217773438, 7.868728160858154, -0.2756367027759552, -14.93320083618164, 4.185252666473389, 14.456062316894531, -40.18769073486328, -6.733129978179932, -10.340731620788574, 116.99685668945312, 33.471534729003906, -18.373046875, 7.314696788787842, -4.151069641113281, -8.404237747192383, 15.712912559509277, 23.819034576416016, 8.51706600189209, -4.4496331214904785, 3.837447166442871, -3.0362048149108887, -43.865211486816406, -26.53522300720215, 31.026939392089844, 31.330739974975586, -9.91976547241211, -11.672472953796387, 20.313947677612305, 25.452125549316406, 12.172109603881836, 4.319188594818115, -5.788118839263916, -44.00859451293945, 15.374267578125, 15.077073097229004, -0.4277469515800476, -22.01348114013672, -11.735995292663574, -7.512598991394043, 12.87491512298584, -0.29289618134498596, 5.511192321777344, -2.194080114364624, 54.620479583740234, -1.0527689456939697, -1.0995641946792603, -2.4414901733398438, -20.534170150756836, -20.969482421875, -13.093013763427734, -18.74852752685547, -23.325593948364258, -53.65989685058594, 81.71553039550781, 53.17264175415039, -43.157901763916016, -4.4326581954956055, -4.4326581954956055, -1.6146365404129028, 3.9860830307006836, 8.107345581054688, 15.685327529907227, 18.743791580200195, -3.622648239135742, 34.364925384521484, 162.48724365234375, 110.43439483642578, 219.24307250976562, 17.95287322998047, 16.3847599029541, 99.6497573852539, 34.227378845214844, 53.65989685058594, -10.634564399719238, -10.013727188110352, 271.293212890625, 66.066162109375, -219.24307250976562],