{"add": {"redispatch": [0.0, 0.0, 0.0, 0.0, 0.0, 0.0, 0.0, 0.0, 0.0, 0.0, 0.0, 0.0, 0.0, 0.0, 0.0, 0.0, 0.0, 0.0, 0.0, 0.0], "set_storage": [0.0, 0.0, 0.0, 0.0, 0.0, 0.0, 0.0]}, "multiply": {"redispatch": [3.5, 8.5, 11.199999809265137, 11.199999809265137, 3.5, 11.199999809265137, 8.5, 5.300000190734863, 5.300000190734863, 3.5, 9.899999618530273, 11.199999809265137, 5.699999809265137, 11.199999809265137, 11.199999809265137, 8.5, 11.199999809265137, 5.300000190734863, 5.300000190734863, 5.699999809265137], "set_storage": [12.0, 12.0, 12.0, 12.0, 12.0, 12.0, 12.0]}}