{"subtract": {"gen_p": [49.24815368652344, 48.11023712158203, 214.46571350097656, 45.87196731567383, 23.517419815063477, 23.459230422973633, 0.9176226258277893, 23.628049850463867, 32.1210823059082, 23.63458824157715, 24.400562286376953, 18.28297996520996, 45.412899017333984, 213.7987060546875, 45.75496292114258, 46.09646224975586, 17.334861755371094, 41.6909294128418, 16.571462631225586, 69.45066833496094, 16.954465866088867, 34.36958694458008, 21.517629623413086, 21.32697296142578, 34.3643798828125, 0.9440107345581055, 13.129222869873047, 20.85771942138672, 21.02613639831543, 16.043441772460938, 31.141515731811523, 21.96478843688965, 21.95084571838379, 45.34989547729492, 30.728376388549805, 214.12887573242188, 45.44902801513672, 33.39664077758789, 49.92144775390625, 17.393062591552734, 17.288829803466797, 0.4026441276073456, 49.697265625, 21.568050384521484, 21.385698318481445, 69.03060150146484, 34.61204528808594, 18.014028549194336, 42.21070861816406, 23.249473571777344, 23.321393966674805, 3.517364740371704, 34.94552993774414, 50.833251953125, 19.566543579101562, 98.00625610351562, 17.21510124206543, 38.543212890625, 13.572909355163574, 39.26218795776367, 1.6434470415115356, 15.788378715515137], "load_p": [36.83210754394531, 14.413238525390625, 28.034130096435547, 21.756025314331055, 37.27222442626953, 13.737191200256348, 50.66286849975586, 34.21541213989258, 24.70192527770996, 10.090693473815918, 64.98002624511719, 18.11071014404297, 7.753702640533447, 42.503231048583984, 32.247222900390625, 12.728178977966309, 9.950897216796875, 7.232068061828613, 5.042497158050537, 44.734771728515625, 11.958386421203613, 17.22673225402832, 30.95957374572754, 42.448238372802734, 10.351764678955078, 26.56538200378418, 14.86909294128418, 13.898838996887207, 11.331217765808105, 8.284806251525879, 15.433951377868652, 15.646241188049316, 7.641199588775635, 6.777333736419678, 22.39934539794922, 11.911675453186035, 14.387489318847656, 8.465058326721191, 36.77751159667969, 7.163461208343506, 7.225191593170166, 7.69258451461792, 9.87751579284668, 48.36137390136719, 26.859025955200195, 35.78602981567383, 5.053406715393066, 5.043950080871582, 117.6953353881836, 32.21220397949219, 31.92934226989746, 16.519390106201172, 11.833751678466797, 44.348514556884766, 45.8049430847168, 32.117671966552734, 28.86536407470703, 25.815349578857422, 30.49160385131836, 16.37212562561035, 55.28125762939453, 57.63401794433594, 20.8858642578125, 11.354903221130371, 25.287799835205078, 22.104373931884766, 50.2712287902832, 82.1540756225586, 67.6097412109375, 12.83480167388916, 30.815410614013672, 44.07587814331055, 39.94999694824219, 6.339733123779297, 14.43768310546875, 38.791866302490234, 23.07024574279785, 5.221487522125244, 24.054550170898438, 39.75923156738281, 32.259132385253906, 44.788692474365234, 28.71310806274414, 2.0853054523468018, 8.401156425476074, 40.79164123535156, 26.152605056762695, 5.72067928314209, 15.809895515441895, 14.480045318603516, 14.011553764343262], "p_or": [-7.40574312210083, -29.426170349121094, 75.4277114868164, -31.887216567993164, 33.52446746826172, -32.01929473876953, 3.187141555827111e-05, 44.51595687866211, 41.519989013671875, 44.02702713012695, -2.159414052963257, 5.873635292053223, 90.14198303222656, -21.899423599243164, 17.592086791992188, 38.26206588745117, 7.691864490509033, 0.6744126677513123, 0.32188111543655396, -8.687956809997559, 95.27962493896484, 10.07750129699707, 25.429790496826172, 32.337120056152344, -5.017136573791504, 13.486915588378906, 4.534408092498779, 35.018768310546875, 14.711793899536133, -15.528656959533691, 10.109895706176758, 19.384950637817383, -6.511282444000244, 8.712023735046387, 3.0125277042388916, 18.8173828125, -6.60935640335083, -14.08846378326416, -20.22909927368164, -27.169355392456055, -6.012465953826904, 53.31672286987305, 24.568246841430664, -34.35470962524414, 56.4235954284668, 47.75294876098633, 25.139942169189453, 38.95906066894531, -19.63443374633789, -38.61180114746094, -50.26259231567383, -48.965797424316406, 32.641475677490234, 38.001792907714844, 34.089630126953125, -5.295648574829102, 10.654784202575684, 9.103435516357422, 28.762161254882812, 0.4318901300430298, -9.019893646240234, 2.1303443908691406, 13.585888862609863, 49.419029235839844, 23.214187622070312, -1.3334400653839111, 14.249632835388184, -8.332783699035645, 0.2602052092552185, 12.043127059936523, 11.272673606872559, 3.598907232284546, -13.288241386413574, -12.904194831848145, 4.09846305847168, -5.501134872436523, -6.3224778175354, 28.05349349975586, -12.063191413879395, -1.0397331714630127, 14.574594497680664, 31.96205711364746, -17.450450897216797, 9.55512809753418, -26.13422203063965, 21.86406898498535, -8.59725570678711, 30.46807098388672, 12.172614097595215, 13.044880867004395, 23.831552505493164, 0.22245658934116364, -9.747065544128418, -17.015283584594727, 69.39102935791016, -103.46212768554688, -52.575401306152344, 44.33747863769531, 28.82391357421875, 16.65852165222168, 106.054443359375, 109.48483276367188, 17.549110412597656, -0.6661987900733948, 11.887843132019043, -14.496492385864258, 33.821533203125, 70.501220703125, 15.720514297485352, 8.81309700012207, -0.26787763833999634, -14.601290702819824, 5.167243480682373, 14.187433242797852, -38.76631164550781, -5.9449920654296875, -9.51430606842041, 118.68199920654297, 32.62739562988281, -17.395004272460938, 8.677011489868164, -2.5068166255950928, -6.815759658813477, 15.903227806091309, 23.873321533203125, 8.82393741607666, -4.121235370635986, 3.819720506668091, -2.9886488914489746, -45.55634689331055, -26.192594528198242, 30.114280700683594, 30.646869659423828, -9.529579162597656, -11.470627784729004, 20.18514060974121, 25.21367073059082, 12.036947250366211, 4.311323165893555, -5.5843186378479, -45.70375061035156, 15.341001510620117, 15.009106636047363, -0.29981252551078796, -20.788732528686523, -11.549314498901367, -7.5810136795043945, 12.876304626464844, -0.40827706456184387, 5.548003196716309, -2.2019336223602295, 53.73857116699219, -1.1061959266662598, -1.155480146408081, -2.484288454055786, -20.429367065429688, -20.84930419921875, -12.487173080444336, -18.43009376525879, -23.065715789794922, -52.58110046386719, 84.49041748046875, 51.952640533447266, -41.29228973388672, -3.9923758506774902, -3.9923758506774902, -1.5032676458358765, 4.008274078369141, 7.893275260925293, 15.58639144897461, 18.587627410888672, -3.571091651916504, 34.94649887084961, 153.96629333496094, 104.31295776367188, 216.5699462890625, 18.014028549194336, 15.788378715515137, 95.00054931640625, 33.10932540893555, 52.58110046386719, -11.418733596801758, -11.251638412475586, 267.1352233886719, 64.05651092529297, -216.5699462890625],