{"1.0": {"60": {"10000000": {"/mnt/beegfs/projects/l2rpn/L2RPN-WCCI-Baselines/RL/ADPRL_paper/one_week/Chron_20500214_20220711_175929_learning_rate_0/Chron_20500214_20220711_175929_learning_rate_0_10000000_steps.zip": {"score_avg": 6.206198989512434, "total_survived": 32776.0, "scores": [11.00613632346743, 1.8567555026774443, -0.006955169474296191, 6.785801376618366, -69.87950782783084, -89.59398699230424, 3.084634221194534, -5.895342452672539, -97.19140665957293, -22.397253222418975, -0.00336175639386161, -0.011819036455763732, -0.018794223569988163, 0.47298437790777825, -0.13300277089106025, -2.5349545696959144, -0.09248184273154371, 0.0, 0.0, 51.55836208410964, 0.0, -0.07552009119407238, 58.64174854018721, -24.851603516588067, 1.4298865393969464, -92.54684673665501, 32.4750110238353, -0.2510609381484193, 27.001512789436894, 54.737489890804284, -3.288819178126153, -0.04214766564618691, 78.15629157620565, 4.153711056853865, 79.99999942518029, 27.216651375949326, 1.9990834889108555, 79.22449891039766, 40.106963543314215, 79.42841424477484, 0.3307468928023667, 79.58741976530743, 7.174387679483317, -0.10990941325869953, -0.04551487474131834, 4.607487878751783, 23.665784008758344, -0.05421270488069872, -37.41438050046226, -0.31781282001985345, 14.68004787500091, 0.09723202705259837], "score_std": 38.529726988003446, "min": -97.19140665957293, "max": 79.99999942518029, "n_played": [729, 97, 142, 271, 71, 9, 113, 31, 7, 103, 279, 125, 85, 975, 25, 140, 50, 235, 105, 1551, 76, 155, 1563, 754, 1139, 153, 1274, 1297, 1311, 1847, 110, 408, 2017, 480, 2017, 1007, 1018, 2017, 1260, 2017, 509, 2017, 714, 234, 149, 307, 714, 138, 147, 113, 426, 245], "total_ts": [2017, 2017, 2017, 2017, 2017, 2017, 2017, 2017, 2017, 2017, 2017, 2017, 2017, 2017, 2017, 2017, 2017, 2017, 2017, 2017, 2017, 2017, 2017, 2017, 2017, 2017, 2017, 2017, 2017, 2017, 2017, 2017, 2017, 2017, 2017, 2017, 2017, 2017, 2017, 2017, 2017, 2017, 2017, 2017, 2017, 2017, 2017, 2017, 2017, 2017, 2017, 2017]}, "/mnt/beegfs/projects/l2rpn/L2RPN-WCCI-Baselines/RL/ADPRL_paper/one_week/Chron_20500214_20220711_181845_learning_rate_0/Chron_20500214_20220711_181845_learning_rate_0_10000000_steps.zip": {"score_avg": 15.129892574511281, "total_survived": 38746.0, "scores": [4.431581680699551, 8.449890124660755, -0.007044338313710244, 1.3561203252958194, -88.57872197762886, -88.47861082749222, 3.0858798526434015, -5.904493622032833, -97.19411572002562, -2.9367252810608244, -0.0034059900306229467, -0.011602173401529536, 1.0276844122276572, 0.4775462659444685, -0.14641971707743912, 0.3722436108183018, -0.09957211734096205, 0.0, 0.0, 51.55832095029527, 0.0, 16.172269304435076, 61.032337578572466, -24.851612209996585, 78.19590219030925, -0.7023078775215028, 32.69471089389949, 78.0923666510108, 24.806278149117894, 78.64334072678234, 0.44033675093736235, 1.0344616033136589, 42.6031830451715, 4.478708054393977, 79.99999942518029, 27.1545097721499, 79.59114264262206, 79.10067878934385, 40.288303378499414, 79.35114565263619, -0.010521926115736277, 79.45723688834842, 69.78694422581862, -0.12108781852379785, -0.04627891340604071, 4.607487878751783, 8.449236404254023, -0.053879430055612465, 9.119522133836156, 0.029277193497449616, 49.914877047645106, 0.09729021149820483], "score_std": 40.2029074765905, "min": -97.19411572002562, "max": 79.99999942518029, "n_played": [609, 249, 142, 149, 25, 10, 113, 31, 7, 124, 279, 125, 109, 975, 25, 151, 50, 235, 105, 1551, 76, 516, 1615, 754, 2017, 2017, 1277, 2017, 1286, 2017, 123, 427, 1100, 480, 2017, 1006, 2017, 2017, 1263, 2017, 503, 2017, 1846, 234, 149, 307, 371, 138, 432, 114, 1267, 245], "total_ts": [2017, 2017, 2017, 2017, 2017, 2017, 2017, 2017, 2017, 2017, 2017, 2017, 2017, 2017, 2017, 2017, 2017, 2017, 2017, 2017, 2017, 2017, 2017, 2017, 2017, 2017, 2017, 2017, 2017, 2017, 2017, 2017, 2017, 2017, 2017, 2017, 2017, 2017, 2017, 2017, 2017, 2017, 2017, 2017, 2017, 2017, 2017, 2017, 2017, 2017, 2017, 2017]}, "/mnt/beegfs/projects/l2rpn/L2RPN-WCCI-Baselines/RL/ADPRL_paper/one_week/Chron_20500214_20220711_175843_learning_rate_0/Chron_20500214_20220711_175843_learning_rate_0_10000000_steps.zip": {"score_avg": 18.04499555318875, "total_survived": 42547.0, "scores": [47.528121592128684, 8.075707886136996, -0.005350130364843223, 5.500591369398435, -87.27486293628229, -89.579052124126, 3.3988532360981623, -5.8559526367304064, -96.02329992660452, 1.8546901666416744, -0.0025655509321575445, 0.7515993818396112, 2.530058341554195, 0.6488539147804318, -0.0828350590637305, 0.331696185715586, -0.05826356092087254, 0.0, 0.0, 51.55857803663507, 0.0, 16.091345405118517, 78.7372806740937, -24.851203619796213, 78.22656974396853, -0.6328819436189036, 32.47581953821156, 30.30109646861782, 25.0340111487684, 78.94742853406865, 0.3048990940607723, 0.5419214979080351, 78.9382658023738, 4.49987321393408, 79.99999942518029, 27.155270888040775, 79.67074041005773, 79.03792321576226, 40.22382716519279, 79.34831213294589, 0.16423954923017448, 79.45754631421427, 70.22994141413568, -0.11227007027120477, 52.49057197748895, 4.578764318270828, 8.178703467987546, 14.634024264619995, 37.1578305664279, 25.24203836470592, 18.975626292683238, -0.004314674470965661], "score_std": 40.57420663101054, "min": -96.02329992660452, "max": 79.99999942518029, "n_played": [1382, 240, 142, 241, 28, 9, 120, 31, 10, 166, 279, 141, 142, 977, 25, 150, 50, 235, 105, 1551, 76, 513, 2017, 754, 2017, 2017, 1274, 1564, 1287, 2017, 120, 418, 2017, 480, 2017, 1006, 2017, 2017, 1263, 2017, 506, 2017, 1846, 234, 1353, 307, 363, 475, 1042, 708, 521, 243], "total_ts": [2017, 2017, 2017, 2017, 2017, 2017, 2017, 2017, 2017, 2017, 2017, 2017, 2017, 2017, 2017, 2017, 2017, 2017, 2017, 2017, 2017, 2017, 2017, 2017, 2017, 2017, 2017, 2017, 2017, 2017, 2017, 2017, 2017, 2017, 2017, 2017, 2017, 2017, 2017, 2017, 2017, 2017, 2017, 2017, 2017, 2017, 2017, 2017, 2017, 2017, 2017, 2017]}, "/mnt/beegfs/projects/l2rpn/L2RPN-WCCI-Baselines/RL/ADPRL_paper/one_week/Chron_20500214_20220711_175941_learning_rate_0/Chron_20500214_20220711_175941_learning_rate_0_10000000_steps.zip": {"score_avg": 21.148670637973648, "total_survived": 44185.0, "scores": [4.438964201348753, 8.257588121312764, -0.00766852018960862, 0.8740779984131706, -87.28336583668236, -77.67151044650949, 3.1260987233154793, -0.1396548019766526, -96.04040714168536, 1.3058707147537518, -0.003317522757100273, 0.18648595606016727, -0.020826031523500398, 0.6388239397291215, -0.14758640805016773, 0.18802800512732176, -0.09957211734096205, 0.0, 0.0, 79.84611337923442, 0.0, 16.05836560892139, 60.67750775771909, -24.851533969319917, 77.47794122338271, -0.44427667526985853, 79.66308219336825, 79.09739538565259, 78.1475971764448, 78.6945219827914, 24.115987140330432, 29.48200168755914, 42.69531018150336, 4.490107427585741, 79.99999942518029, 60.057281184794505, 79.55126161067136, 78.67615643653178, 40.24175720998018, 78.93376908705739, -0.010767437725103456, 79.04157792319252, 70.16546251422606, -0.15094318662312875, 78.59335821417673, 4.565636207969959, 25.60141824668611, 0.2664591912352847, 37.369104394422, 0.11293034556500459, 3.9691559463055626, -0.004893472265851299], "score_std": 42.66623845815787, "min": -96.04040714168536, "max": 79.99999942518029, "n_played": [609, 245, 142, 139, 28, 20, 114, 33, 10, 155, 279, 129, 85, 977, 25, 147, 50, 235, 105, 2017, 76, 513, 1615, 754, 2017, 2017, 2017, 2017, 2017, 2017, 684, 975, 1100, 480, 2017, 1614, 2017, 2017, 1263, 2017, 503, 2017, 1846, 234, 2017, 307, 753, 144, 1051, 116, 166, 243], "total_ts": [2017, 2017, 2017, 2017, 2017, 2017, 2017, 2017, 2017, 2017, 2017, 2017, 2017, 2017, 2017, 2017, 2017, 2017, 2017, 2017, 2017, 2017, 2017, 2017, 2017, 2017, 2017, 2017, 2017, 2017, 2017, 2017, 2017, 2017, 2017, 2017, 2017, 2017, 2017, 2017, 2017, 2017, 2017, 2017, 2017, 2017, 2017, 2017, 2017, 2017, 2017, 2017]},